{
  "toys": [
    {
      "title": "Blue friend",
      "img": "assets/images/uniqlo",
      "description": "Lorem ipsum dolor sit amet. consectetur adipisicing elit, sed do eiusmod tempor incididunt ut la bore et dolore magna aliqua. Ut enim ad minim veniam, quis nostrud exefcitalion ullamoo laboris nisi ut aliquip ex ea commodo oonsequat.",
      "note": "* At vero eos et accusamus et iusto odo dtgntsslmos duclmus qui blandltlis praesentlum voluptatum delenrtl atque corruptl quos doQres et quas molestlas exceptun sint occaecatl cupidrtate non pro v dent, slmllique sunt In culpa qui otflcia deserunt mollrtia anlmi. id est la bo aim et dolorum tuga.",
      "productUrl": "https://static.wixstatic.com/media/f90d17_13c8aaf8b7ff4ecb9512053a5a387cd0~mv2.png",
      "id": 1
    },
    {
      "title": "Pikachu",
      "img": "assets/images/pikachu",
      "description": "Lorem ipsum dolor sit amet. consectetur adipisicing elit, sed do eiusmod tempor incididunt ut la bore et dolore magna aliqua. Ut enim ad minim veniam, quis nostrud exefcitalion ullamoo laboris nisi ut aliquip ex ea commodo oonsequat.",
      "note": "* At vero eos et accusamus et iusto odo dtgntsslmos duclmus qui blandltlis praesentlum voluptatum delenrtl atque corruptl quos doQres et quas molestlas exceptun sint occaecatl cupidrtate non pro v dent, slmllique sunt In culpa qui otflcia deserunt mollrtia anlmi. id est la bo aim et dolorum tuga.",
      "productUrl": "https://static.wixstatic.com/media/f90d17_1195d27eee6d4c12bace9f5acc2c83f4~mv2.png",
      "id": 2
    },
    {
      "title": "Friends Llama and Bear",
      "img": "assets/images/llamaNbear",
      "description": "Lorem ipsum dolor sit amet. consectetur adipisicing elit, sed do eiusmod tempor incididunt ut la bore et dolore magna aliqua. Ut enim ad minim veniam, quis nostrud exefcitalion ullamoo laboris nisi ut aliquip ex ea commodo oonsequat.",
      "note": "* At vero eos et accusamus et iusto odo dtgntsslmos duclmus qui blandltlis praesentlum voluptatum delenrtl atque corruptl quos doQres et quas molestlas exceptun sint occaecatl cupidrtate non pro v dent, slmllique sunt In culpa qui otflcia deserunt mollrtia anlmi. id est la bo aim et dolorum tuga.",
      "productUrl": "https://static.wixstatic.com/media/f90d17_317071e3e53544b1a5a1874aadd75e20~mv2.png",
      "id": 3
    },
    {
      "title": "Not so Angery Boi",
      "img": "assets/images/bboy",
      "description": "Lorem ipsum dolor sit amet. consectetur adipisicing elit, sed do eiusmod tempor incididunt ut la bore et dolore magna aliqua. Ut enim ad minim veniam, quis nostrud exefcitalion ullamoo laboris nisi ut aliquip ex ea commodo oonsequat.",
      "note": "* At vero eos et accusamus et iusto odo dtgntsslmos duclmus qui blandltlis praesentlum voluptatum delenrtl atque corruptl quos doQres et quas molestlas exceptun sint occaecatl cupidrtate non pro v dent, slmllique sunt In culpa qui otflcia deserunt mollrtia anlmi. id est la bo aim et dolorum tuga.",
      "productUrl": "https://static.wixstatic.com/media/f90d17_02032390d1f04897a479369738b580db~mv2.png",
      "id": 4
    },
    {
      "title": "Baby Joda",
      "img": "assets/images/theChild",
      "description": "Lorem ipsum dolor sit amet. consectetur adipisicing elit, sed do eiusmod tempor incididunt ut la bore et dolore magna aliqua. Ut enim ad minim veniam, quis nostrud exefcitalion ullamoo laboris nisi ut aliquip ex ea commodo oonsequat.",
      "note": "* At vero eos et accusamus et iusto odo dtgntsslmos duclmus qui blandltlis praesentlum voluptatum delenrtl atque corruptl quos doQres et quas molestlas exceptun sint occaecatl cupidrtate non pro v dent, slmllique sunt In culpa qui otflcia deserunt mollrtia anlmi. id est la bo aim et dolorum tuga.",
      "productUrl": "https://static.wixstatic.com/media/f90d17_c5599e5539ef43ae82b6de0ce2e610dd~mv2.png",
      "id": 5
    },
    {
      "title": "Cute squid",
      "img": "assets/images/squid",
      "description": "Lorem ipsum dolor sit amet. consectetur adipisicing elit, sed do eiusmod tempor incididunt ut la bore et dolore magna aliqua. Ut enim ad minim veniam, quis nostrud exefcitalion ullamoo laboris nisi ut aliquip ex ea commodo oonsequat.",
      "note": "* At vero eos et accusamus et iusto odo dtgntsslmos duclmus qui blandltlis praesentlum voluptatum delenrtl atque corruptl quos doQres et quas molestlas exceptun sint occaecatl cupidrtate non pro v dent, slmllique sunt In culpa qui otflcia deserunt mollrtia anlmi. id est la bo aim et dolorum tuga.",
      "productUrl": "https://static.wixstatic.com/media/f90d17_34baa40da08d4940aa3a610b2ff60fe7~mv2.png",
      "id": 6
    },
    {
      "title": "Blue Sonic",
      "img": "assets/images/sonic",
      "description": "Lorem ipsum dolor sit amet. consectetur adipisicing elit, sed do eiusmod tempor incididunt ut la bore et dolore magna aliqua. Ut enim ad minim veniam, quis nostrud exefcitalion ullamoo laboris nisi ut aliquip ex ea commodo oonsequat.",
      "note": "* At vero eos et accusamus et iusto odo dtgntsslmos duclmus qui blandltlis praesentlum voluptatum delenrtl atque corruptl quos doQres et quas molestlas exceptun sint occaecatl cupidrtate non pro v dent, slmllique sunt In culpa qui otflcia deserunt mollrtia anlmi. id est la bo aim et dolorum tuga.",
      "productUrl": "https://static.wixstatic.com/media/f90d17_ad3da5fb6e664e6e88a7858ada95dc0b~mv2.png",
      "id": 7
    },
    {
      "title": "Some Blob",
      "img": "assets/images/blob",
      "description": "Lorem ipsum dolor sit amet. consectetur adipisicing elit, sed do eiusmod tempor incididunt ut la bore et dolore magna aliqua. Ut enim ad minim veniam, quis nostrud exefcitalion ullamoo laboris nisi ut aliquip ex ea commodo oonsequat.",
      "note": "* At vero eos et accusamus et iusto odo dtgntsslmos duclmus qui blandltlis praesentlum voluptatum delenrtl atque corruptl quos doQres et quas molestlas exceptun sint occaecatl cupidrtate non pro v dent, slmllique sunt In culpa qui otflcia deserunt mollrtia anlmi. id est la bo aim et dolorum tuga.",
      "productUrl": "https://static.wixstatic.com/media/f90d17_c0a3fc533e384a348dcfef5e12baafc6~mv2.png",
      "id": 8
    }
  ]
}
